-- Table Cocktail
INSERT INTO P09_Cocktail(cocktail_nom, cocktail_prix, cocktail_verre, cocktail_categorie, cocktail_photo, cocktail_preparation, cocktail_alcoolise) VALUES
	('bloody mary'                 ,  1.10, 'tumbler'      , 'long-drink'   , 'BloodyMary.jpg'              , 'Agiter les ingrédients dans un verre à mélange avec des glaçons (pour refroidir sans trop diluer). Verser dans le verre, puis ajouter à convenance sel de céleri, sel et poivre. Servir.'                                                                                                                                                                    ,  true),
	('diabolo grenadine'           ,  0.80, 'tumbler'      , 'long-drink'   , 'DiaboloGrenadine.jpg'        , 'Versez la grenadine dans le verre et complétez avec de la limonade bien fraîche.'                                                                                                                                                                                                                                                                            , false),
	('diabolo menthe'              ,  0.80, 'tumbler'      , 'long-drink'   , 'DiaboloMenthe.jpg'           , 'Versez la menthe dans le verre et complétez avec de la limonade bien fraîche.'                                                                                                                                                                                                                                                                               , false),
	('americano'                   ,  1.10, 'tumbler'      , 'long-drink'   , 'Americano.jpg'               , 'Directement dans un tumbler rempli de glace, verser le Martini rouge, le Campari, compléter de Perrier. Décorer couper puis décorer avec d’une demi-tranche de citron et d’orange. Ajouter un agitateur.'                                                                                                                                                    ,  true),
	('eggnog'                      ,  1.00, 'toddy'        , 'long-drink'   , 'eggnog.jpg'                  , 'Verser dans un shaker à moitié rempli de glace le sucre, le jaune d’œuf et le cognac.Shaker et verser dans un tumbler.Compléter avec du lait, ajouter la muscade et la cannelle et ajouter un agitateur. '                                                                                                                                                   ,  true),
	('old fashioned'               ,  1.10, 'whisky'       , 'after-dinner' , 'OldFashioned.jpg'            , 'Écraser directement dans un verre Old Fashioned ¼ de morceau de sucre imbibé d’Angostura Bitter avec un peu de soda. Remplir le verre de glace, ajouter le Bourbon Whiskey. Remuer. Ajouter ½ tranche d’orange, la cerise à l’eau de vie et le zeste de citron.'                                                                                             ,  true),
	('apple jack'                  ,  2.00, 'martini'      , 'short-drink'  , 'AppleJack.jpg'               , 'Versez dans un shaker rempli de glaçons le calvados, le jus de citron et la grenadine. Secouez énergiquement et versez dans un verre à martini en filtrant les glaçons. Servez immédiatement.'                                                                                                                                                               ,  true),
	('jager bomb'                  ,  1.00, 'tumbler'      , 'long-drink'   , 'JagerBomb.jpg'               , 'Prenez un grand verre de type tumbler et remplissez-le de Red Bull jusqu’à environ un tiers du verre. Remplissez un verre à shot avec du Jagermeister. Plongez le verre à shot de Jagermeister dans le grand verre de Red Bull.'                                                                                                                             ,  true),
	('margarita'                   ,  1.10, 'margarita'    , 'short-drink'  , 'Margarita.jpeg'              , 'Humidifier avec un citron et givrer au sel fin le bord du verre sur sa moitié seulement. Verser dans shaker à demi rempli de glace le jus de citron, le Cointreau puis la Tequila. Frapper et verser dans un verre à cocktail.'                                                                                                                              ,  true),
	('pina colada'                 ,  2.00, 'tulipe'       , 'long-drink'   , 'pinacolada.jpg'              , 'Dans un mixer, versez les ingrédients avec 5 ou 6 glaçons et mixez le tout.'                                                                                                                                                                                                                                                                                 ,  true),
	('negroni'                     ,  1.10, 'whisky'       , 'after-dinner' , 'Negroni.jpg'                 , 'Verser dans le verre à mélange rempli de glace le Martini rouge, le Campari puis le Gin. Remuer et filtrer le mélange dans le verre. Ajouter la demi-tranche d’orange.'                                                                                                                                                                                      ,  true),
	('alpine negroni'              ,  1.30, 'whisky'       , 'after-dinner' , 'AlpineNegroni.jpg'           , 'Verser les ingredients dans un verre à mélange, ajouter de la glace et remuer. verser en filtrant dans le verre et ajouter la branche de romarin'                                                                                                                                                                                                            ,  true),
	('blinker'                     ,  1.20, 'coupe'        , 'short-drink'  , 'Blinker.jpeg'                , 'Verser tout les ingredients et de la glace dans un shaker, verser dans le verre en filtrant dans la passoire, décorer avec les framboises'                                                                                                                                                                                                                   ,  true),
	('pacha monte-carlos'          ,  2.00, 'tulipe'       , 'long-drink'   , 'montecarlo.jpg'              , 'Placer les pèches avec les autres ingredients dans un mixeur, ajouter la glace pilée et mixer, verser dans le verre et décorer avec 2 cerises.'                                                                                                                                                                                                              ,  true),
	('mint julep'                  ,  1.20, 'whisky'       , 'long-drink'   , 'Mintjulep.jpeg'              , 'Directement dans le verre old fashioned, piler les feuilles de menthe et le sucre.Remplir de glace pilée.Verser le Bourbon Whiskey et décorer avec une cerise à l’eau de vie et feuilles de menthe fraîche. Ajouter une paille.'                                                                                                                             ,  true),
	('blue hawaiian'               ,  1.00, 'tulipe'       , 'long-drink'   , 'blue-hawaii.jpg'             , 'Remplir le shaker de glace, ajouter le rhum, le curaçao, le sirop, le lait de coco et le jus d''ananas. Mélanger et verser le mélange dans le verre en flitrant avec la passoire. Décorer avec un quart de tranche d''ananas.'                                                                                                                               ,  true),
	('miami beach'                 ,  1.20, 'martini'      , 'short-drink'  , 'Miami_Beach.jpg'             , 'Mettez les glaçons, le gin, le jus d''ananas et le sirop de sucre dans le shaker. Secouez avec énergie pendant 10 secondes. Filtrez et versez dans un verre martini.'                                                                                                                                                                                        ,  true),
	('havana beach'                ,  1.30, 'martini'      , 'short-drink'  , 'havana-beach.jpg'            , 'Mettre des glaçons dans le shaker. Ajouter le rhum blanc, le jus d''ananas, le jus de citron vert et le sirop de sucre de canne. Frapper et verser dans un verre à cocktail.'                                                                                                                                                                                ,  true),
	('swimming pool'               ,  2.00, 'tulipe'       , 'long-drink'   , 'Swimming pool.jpeg'          , 'Verser les ingrédients dans un shaker et mélanger 15 secondes.verser dans le verre et décorer avec une tranche d''ananas et une cerise.'                                                                                                                                                                                                                     ,  true),
	('rusty nail'                  ,  1.10, 'whisky'       , 'after-dinner' , 'Rusty Nail.jpg'              , 'Remplir un verre de glace. Insérer le whisky puis la liqueur. Remuer à l''aide d''une cuillère à mélange. Insérer un long zeste de citron.'                                                                                                                                                                                                                  ,  true),
	('vin chaud'                   ,  1.00, 'chope'        , 'after-dinner' , 'vin cho.jpg'                 , 'Faire chauffer le tout à feu moyen et constant pendant 20 minutes minimum, pour dissoudre le sucre et imprégner le vin de l''odeur de cannelle. Verser dans le verre en filtrant les clous de girofle et consommer...'                                                                                                                                       ,  true),
	('hot buttered rum'            ,  2.00, 'toddy'        , 'after-dinner' , 'rum.jpg'                     , 'Verser directement dans le verre la cassonade et l''eau chaude. Remuer à l''aide d''une cuillère à mélange. Ajouter le rhum et le morceau de beurre. Ajouter selon votre goût de la cannelle, noix de muscade, gingembre et/ou gousse de vanille.'                                                                                                           ,  true),
	('irish coffee'                ,  2.15, 'toddy'        , 'after-dinner' , 'irishcoffee.jpg'             , 'Mettre de l''eau chaude dans le verre pendant 5 minutes pour le préchauffer puis retirer l''eau. Chauffer le whisky avec le sucre sans le faire porter à ébullition. Verser le mélange dans le verre puis ajouter le café chaud. Fouetter la crème et venir la déposer sur le dessus du verre de type "chope". '                                             ,  true),
	('espresso martini'            ,  1.20, 'martini'      , 'after-dinner' , 'martinicafé.jpg'             , 'Frapper au shaker avec quelques glaçons la vodka, la liqueur de café kahlua, le café et le sirop de sucre.Verser dans un verre à martini en filtrant la glace.'                                                                                                                                                                                              ,  true),
	('amaro sour'                  ,  1.70, 'coupe'        , 'short-drink'  , 'amaro.jpeg'                  , 'Ajouter tout les ingrédients sauf l''oeuf dans le shaker rempli de glace et mélanger 15 secondes. Filtrer dans leshaker, ajouter le blanc de l''oeuf et remélanger 15 secondes. Verser dans la coupe et décorer avec la cerise. '                                                                                                                            ,  true),
	('amaretto sour'               ,  1.10, 'whisky'       , 'short-drink'  , 'amaretto.jpeg'               , 'Placez quelques glaçons dans le verre. Frappez les ingrédients au shaker avec des glaçons puis versez dans le verre en retenant la glace du shaker.'                                                                                                                                                                                                         ,  true),
	('beer float'                  ,  1.00, 'pilsner'      , 'long-drink'   , 'beer float.jpg'              , 'Versez la boisson dans le verre et ajoutez la boule de glace au dessus'                                                                                                                                                                                                                                                                                      ,  true),
	('soda float'                  ,  1.00, 'pilsner'      , 'long-drink'   , 'lemonFloat.jpg'              , 'Versez la boisson dans le verre et ajoutez la boule de glace au dessus'                                                                                                                                                                                                                                                                                      , false),
	('rio'                         ,  0.80, 'whisky'       , 'short-drink'  , 'RIO.jpg'                     , 'versez votre jus d''orange, ajoutez la grenadine puis la limonade. Ajoutez une ou deux rondelles de citron vert en décoration sur le bord. Remuer légèrement avec la paille et servez'                                                                                                                                                                       , false),
	('fuzzy asshole'               ,  1.00, 'toddy'        , 'after-dinner' , 'fuzzy.jpg'                   , 'Remplir à moitié de café chaud et a moitié de schnapps, remuer.'                                                                                                                                                                                                                                                                                             ,  true),
	('pink margarita'              ,  1.10, 'tumbler'      , 'short-drink'  , 'margaritarose.jpg'           , 'Verser les jus et le sirop, mélanger à la cuillère, complèter de limonade.'                                                                                                                                                                                                                                                                                  , false),
	('august moon'                 ,  1.30, 'tumbler'      , 'long-drink'   , 'august-moon.jpg'             , 'Frappez les ingrédients au shaker, puis passez dans un verre rafraîchi.'                                                                                                                                                                                                                                                                                     , false),
	('atomic freeze'               ,  3.00, 'ballon'       , 'long-drink'   , 'Atomic.jpg'                  , 'Laver et couper les fraises en morceaux. Ajouter dans le mixeur avec le restant des ingrédients et des glaçons. Mixer durant quelques secondes et verser dans de grands verres à vin. '                                                                                                                                                                      , false),
	('sweet dreams'                ,  2.00, 'coupe'        , 'short-drink'  , 'sweetdreams.jpeg'            , 'Récupérer seulement le blanc de l''oeuf. Verser tous les ingrédients dans un shaker, sauf le champagne. Remuer vigoureusement sans glaçons pour monter le blanc d’œuf en neige. Ajouter des glaçons dans le shaker puis remuer. Verser le contenu dans le verre en le filtrant à l’aide d‘une passoire. Allonger le mocktail avec le champagne.'             , false),
	('apple cobbler'               ,  1.10, 'whisky'       , 'short-drink'  , 'apple cobbler.jpg'           , 'Verser les ingrédient sur des glaçons. Bien mélanger et servir frais. Décorer avec la tranche de pomme'                                                                                                                                                                                                                                                      , false),
	('apple fizz'                  ,  1.20, 'tumbler'      , 'long-drink'   , 'AppleFizz.jpeg'              , 'Mettre tout les ingredients dans le shaker avec de la glace. frappper et verser dans le verre.'                                                                                                                                                                                                                                                              , false),
	('apricot beach'               ,  1.50, 'tumbler'      , 'long-drink'   , 'Abricot.jpeg'                , 'Récupérer seulement le jaune de l''oeuf. Mixer tout les ingrédients avec de la glace pilée jusqu''à obtenir une mousse onctueuse et verser dans le verre'                                                                                                                                                                                                    , false),
	('banana sprint'               ,  2.00, 'tumbler'      , 'long-drink'   , 'banana.jpeg'                 , 'Mixer tout les ingrédients avec de la glace pilée jusqu''à obtenir une mousse onctueuse et verser dans le verre'                                                                                                                                                                                                                                             , false),
	('bloody orange'               ,  1.10, 'tumbler'      , 'long-drink'   , 'bloody-orange.jpg'           , 'Mélanger tout les ingredients au shaker avec un peu de glace pilée et verser.'                                                                                                                                                                                                                                                                               , false),
	('honeymoon'                   ,  1.20, 'tumbler'      , 'long-drink'   , 'honeymoon.jpeg'              , 'Frapper et passer dans le verre.'                                                                                                                                                                                                                                                                                                                            , false),
	('alice'                       ,  1.30, 'tumbler'      , 'long-drink'   , 'Alice.jpg'                   , 'Frapper au shaker avec quelques glaçons la grenadine, le jus d''orange, le jus d''ananas et la crème liquide.Verser dans un verre highball.'                                                                                                                                                                                                                 , false),
	('20e siecle'                  ,  1.00, 'martini'      , 'short-drink'  , '20esiecle.jpg'               , 'À l''aide d''un gobelet doseur, mesurer la quantité exacte d''ingrédients, puis les verser dans un shaker et agiter vigoureusement. verser dans le verre.'                                                                                                                                                                                                   ,  true),
	('pussy cat'                   ,  1.20, 'whisky'       , 'short-drink'  , 'pussycat.jpg'                , 'Mettre tout les ingredients dans le shaker avec de la glace. frappper et filtrer dans le verre.'                                                                                                                                                                                                                                                             ,  true),
	('buccaneer'                   ,  2.00, 'pilsner'      , 'long-drink'   , 'buc.jpeg'                    , 'Verser la biere dans le verre et ajouter le shooter de bacardi en remuant doucement'                                                                                                                                                                                                                                                                         ,  true),
	('mai tai'                     ,  1.10, 'whisky'       , 'short-drink'  , 'classic-mai-tai.jpeg'        , 'Associez tous les ingrédients avec de la glace dans un shaker. Frappez et filtrez dans un verre à whisky.'                                                                                                                                                                                                                                                   ,  true),
	('moscow mule'                 ,  2.00, 'chope'        , 'long-drink'   , 'mule.jpg'                    , 'Mettre la Glace dans un grand verre. Verser les ingrédients et remuer délicatement avec la cuillère à cocktail. Servir.'                                                                                                                                                                                                                                     ,  true),
	('aperol spritz'               ,  1.40, 'ballon'       , 'long-drink'   , 'aperol.jpg'                  , 'Mettre 1 tranche d''orange et de la glace. Mettre l''Aperol.Remplir ensuite avec le Prosecco. Ajoutez un trait d''eau gazeuse et mélangez avec une cuillère. '                                                                                                                                                                                               ,  true),
	('bamboo'                      ,  1.20, 'coupe'        , 'long-drink'   , 'bamboo.jpg'                  , 'Verser le vermouth et le sherry dans le verre à mélange avec quelques glaçons. Remuer soigneusement et ajouter l''angostura. Servir dans un verre à cocktail et décorer d''une olive.'                                                                                                                                                                       ,  true),
	('pisco sour'                  ,  1.40, 'whisky'       , 'short-drink'  , 'pisco.jpg'                   , 'Ajouter le pisco, le jus de citron vert, le sirop de sucre et le blanc d''œuf dans un shaker et agiter pendant environ 15 secondes. Ajouter une poignée de glaçons et secouer à nouveau pendant 15 secondes. Filtrer le contenu dans un verre pré-refroidi. Verser l''Angostura Bitters sur le dessus de la mousse.'                                         ,  true),
	('caipirinha'                  ,  1.12, 'whisky'       , 'short-drink'  , 'caipi.jpeg'                  , 'Lavez le citron puis coupez-le en deux dans le sens de la hauteur. Enlevez la partie blanche centrale, source d’amertume. Découpez le citron en petits dés et placez-les dans le verre. Ajoutez le sirop de sucre. Ecraser dans le verre a l''aide du pilon. Ajouter de la glace et la cachaca. Mélanger et servez.'                                         ,  true);

-- Table Ustensile
INSERT INTO P09_Ustensile(ustensile_nom, ustensile_categorie) VALUES
	('verre a melange'             , 'melanger'     ),
	('couteau a tranches'          , 'couper'       ),
	('agitateur'                   , 'boire'        ),
	('shaker'                      , 'melanger'     ),
	('doseur'                      , 'doser'        ),
	('pilon'                       , 'ecraser'      ),
	('passoire'                    , 'filtrer'      ),
	('cuillere a melange'          , 'melanger'     ),
	('eplucheur'                   , 'decorer'      ),
	('paille'                      , 'boire'        ),
	('shooter'                     , 'doser'        ),
	('casserole'                   , 'chauffer'     ),
	('fouet'                       , 'melanger'     ),
	('cuillere a glace'            , 'doser'        ),
	('rape'                        , 'decorer'      ),
	('mixer'                       , 'melanger'     ),
	('siphon'                      , 'melanger'     ),
	('entonoir'                    , 'doser'        ),
	('pince a glace'               , 'decorer'      );

-- Table Ingredient
INSERT INTO P09_Ingredient(ingredient_nom, ingredient_type, ingredient_stock) VALUES
	('vodka'                       , 'alcool'       ,     300.00),
	('jus de tomate'               , 'jus'          ,     150.00),
	('jus de citron'               , 'jus'          ,     100.00),
	('sauce worcestershire'        , 'condiment'    ,      80.00),
	('tabasco'                     , 'condiment'    ,      80.00),
	('sel de celeri'               , 'epice'        ,   50000.00),
	('sel'                         , 'epice'        ,   50000.00),
	('poivre'                      , 'epice'        ,   50000.00),
	('limonade'                    , 'soda'         ,     200.00),
	('sirop de menthe'             , 'sirop'        ,     100.00),
	('sirop de grenadine'          , 'sirop'        ,      80.00),
	('bitter campari'              , 'alcool'       ,     200.00),
	('martini rouge'               , 'alcool'       ,     150.00),
	('perrier'                     , 'diluant'      ,     150.00),
	('tranche d''orange'           , 'fruit'        ,       5.00),
	('tranche de citron'           , 'fruit'        ,      15.00),
	('lait'                        , 'diluant'      ,     300.00),
	('oeuf'                        , 'aliment'      ,      12.00),
	('cognac'                      , 'alcool'       ,     150.00),
	('sucre'                       , 'edulcorant'   , 1000000.00),
	('cannelle'                    , 'epice'        ,   50000.00),
	('muscade'                     , 'epice'        ,   50000.00),
	('morceau de sucre'            , 'edulcorant'   ,     100.00),
	('bourbon whiskey'             , 'alcool'       ,     300.00),
	('angostura bitter'            , 'alcool'       ,     150.00),
	('citron'                      , 'fruit'        ,      15.00),
	('cerise a l''eau de vie'      , 'fruit'        ,      30.00),
	('calvados'                    , 'alcool'       ,     200.00),
	('red bull'                    , 'diluant'      ,     200.00),
	('jagermeister'                , 'alcool'       ,     200.00),
	('tequila'                     , 'alcool'       ,     200.00),
	('cointreau'                   , 'alcool'       ,     200.00),
	('rhum'                        , 'alcool'       ,     200.00),
	('jus d''ananas'               , 'jus'          ,     150.00),
	('creme de coco'               , 'alcool'       ,     100.00),
	('gin'                         , 'alcool'       ,     150.00),
	('liqueur de gentiane'         , 'alcool'       ,     150.00),
	('americano bianco'            , 'alcool'       ,     100.00),
	('genepi'                      , 'alcool'       ,      50.00),
	('creme de menthe'             , 'alcool'       ,     100.00),
	('lemon bitter'                , 'diluant'      ,      80.00),
	('branche de romarin '         , 'epice'        ,      10.00),
	('jus de pamplemousse'         , 'jus'          ,     100.00),
	('framboises'                  , 'fruit'        ,      50.00),
	('sirop de sucre'              , 'sirop'        ,     150.00),
	('peche au sirop'              , 'aliment'      ,  150000.00),
	('cerise'                      , 'fruit'        ,      50.00),
	('feuille de menthe'           , 'epice'        ,     120.00),
	('curacao bleu'                , 'alcool'       ,     150.00),
	('lait de coco'                , 'diluant'      ,     200.00),
	('tranche d''ananas'           , 'fruit'        ,      20.00),
	('jus de citron vert'          , 'jus'          ,     120.00),
	('creme liquide'               , 'aliment'      ,      50.00),
	('scotch whisky'               , 'alcool'       ,     150.00),
	('liqueur de whisky'           , 'alcool'       ,      70.00),
	('vin rouge'                   , 'alcool'       ,     300.00),
	('clou de girofle'             , 'epice'        ,      40.00),
	('cassonade'                   , 'edulcorant'   ,  500000.00),
	('beurre'                      , 'aliment'      ,  500000.00),
	('gingembre'                   , 'epice'        ,   60000.00),
	('vanille gousse'              , 'epice'        ,   60000.00),
	('eau'                         , 'diluant'      ,     300.00),
	('cafe'                        , 'diluant'      ,     100.00),
	('liqueur de cafe'             , 'alcool'       ,      70.00),
	('biere brune'                 , 'alcool'       ,     300.00),
	('glace vanille'               , 'aliment'      ,  500000.00),
	('biere blonde'                , 'alcool'       ,     300.00),
	('amaro leger'                 , 'alcool'       ,     150.00),
	('amaretto'                    , 'alcool'       ,      70.00),
	('jus d''orange'               , 'jus'          ,     200.00),
	('schnapps peche'              , 'alcool'       ,     120.00),
	('jus de cranberry'            , 'jus'          ,     200.00),
	('jus de pomme'                , 'jus'          ,     120.00),
	('jus de framboise'            , 'jus'          ,     120.00),
	('miel'                        , 'edulcorant'   ,      70.00),
	('sirop d''orgeat'             , 'sirop'        ,     200.00),
	('fraise'                      , 'fruit'        ,     100.00),
	('champagne sans alcool'       , 'diluant'      ,     200.00),
	('jus de bissap'               , 'jus'          ,     120.00),
	('bouton de rose seche'        , 'aliment'      ,      10.00),
	('extrait de vanille'          , 'condiment'    ,      70.00),
	('tranche de pomme'            , 'fruit'        ,      20.00),
	('jus d''abricot'              , 'jus'          ,     120.00),
	('sirop d''orange sanguine'    , 'sirop'        ,     200.00),
	('jus de banane'               , 'jus'          ,     150.00),
	('sirop de citron'             , 'sirop'        ,     120.00),
	('tranche de banane'           , 'fruit'        ,      20.00),
	('jus de betterave'            , 'jus'          ,     120.00),
	('sirop d''erable'             , 'edulcorant'   ,      70.00),
	('vin blanc'                   , 'alcool'       ,     200.00),
	('liqueur de cacao blanc'      , 'alcool'       ,     120.00),
	('bacardi citron'              , 'alcool'       ,     200.00),
	('liqueur d''orange'           , 'alcool'       ,     120.00),
	('ginger beer'                 , 'soda'         ,     200.00),
	('prosecco'                    , 'alcool'       ,     200.00),
	('aperol'                      , 'alcool'       ,     150.00),
	('sherry'                      , 'alcool'       ,     150.00),
	('vermouth sec'                , 'alcool'       ,     120.00),
	('olive'                       , 'aliment'      ,     100.00),
	('pisco'                       , 'alcool'       ,     120.00),
	('cachaca'                     , 'alcool'       ,     150.00),
	('tranche de citron vert'      , 'fruit'        ,      15.00),
	('citron vert'                 , 'fruit'        ,      12.00);

-- Table Compose
INSERT INTO P09_Compose(cocktail_nom, ingredient_nom, quantite) VALUES
	('bloody mary'                 , 'vodka'                       ,       4.00),
	('bloody mary'                 , 'jus de tomate'               ,       7.00),
	('bloody mary'                 , 'jus de citron'               ,       1.00),
	('bloody mary'                 , 'sauce worcestershire'        ,       0.30),
	('bloody mary'                 , 'tabasco'                     ,       0.30),
	('bloody mary'                 , 'sel de celeri'               ,      20.00),
	('bloody mary'                 , 'sel'                         ,      20.00),
	('bloody mary'                 , 'poivre'                      ,      20.00),
	('americano'                   , 'martini rouge'               ,       2.00),
	('americano'                   , 'bitter campari'              ,       5.00),
	('americano'                   , 'perrier'                     ,       5.00),
	('americano'                   , 'tranche d''orange'           ,       0.50),
	('americano'                   , 'tranche de citron'           ,       0.50),
	('eggnog'                      , 'lait'                        ,       5.00),
	('eggnog'                      , 'oeuf'                        ,       1.00),
	('eggnog'                      , 'cognac'                      ,       4.00),
	('eggnog'                      , 'sucre'                       ,    5000.00),
	('eggnog'                      , 'cannelle'                    ,      20.00),
	('eggnog'                      , 'muscade'                     ,      20.00),
	('diabolo grenadine'           , 'sirop de grenadine'          ,       3.00),
	('diabolo grenadine'           , 'limonade'                    ,      15.00),
	('diabolo menthe'              , 'limonade'                    ,      15.00),
	('diabolo menthe'              , 'sirop de menthe'             ,       3.00),
	('old fashioned'               , 'morceau de sucre'            ,       0.25),
	('old fashioned'               , 'angostura bitter'            ,       3.00),
	('old fashioned'               , 'perrier'                     ,       3.00),
	('old fashioned'               , 'bourbon whiskey'             ,       4.00),
	('old fashioned'               , 'tranche d''orange'           ,       0.50),
	('old fashioned'               , 'citron'                      ,       1.00),
	('old fashioned'               , 'cerise a l''eau de vie'      ,       1.00),
	('apple jack'                  , 'calvados'                    ,       4.00),
	('apple jack'                  , 'sirop de grenadine'          ,       0.50),
	('apple jack'                  , 'jus de citron'               ,       2.00),
	('jager bomb'                  , 'jagermeister'                ,       5.00),
	('jager bomb'                  , 'red bull'                    ,      15.00),
	('margarita'                   , 'tequila'                     ,       4.00),
	('margarita'                   , 'jus de citron'               ,       1.00),
	('margarita'                   , 'cointreau'                   ,       2.00),
	('margarita'                   , 'sel'                         ,      10.00),
	('margarita'                   , 'citron'                      ,       0.15),
	('pina colada'                 , 'rhum'                        ,       5.00),
	('pina colada'                 , 'jus d''ananas'               ,       5.00),
	('pina colada'                 , 'creme de coco'               ,       3.00),
	('negroni'                     , 'bitter campari'              ,       3.00),
	('negroni'                     , 'gin'                         ,       3.00),
	('negroni'                     , 'martini rouge'               ,       3.00),
	('negroni'                     , 'tranche d''orange'           ,       0.50),
	('alpine negroni'              , 'gin'                         ,       3.00),
	('alpine negroni'              , 'liqueur de gentiane'         ,       2.25),
	('alpine negroni'              , 'americano bianco'            ,       2.25),
	('alpine negroni'              , 'genepi'                      ,       1.50),
	('alpine negroni'              , 'creme de menthe'             ,       0.50),
	('alpine negroni'              , 'lemon bitter'                ,       0.02),
	('alpine negroni'              , 'branche de romarin '         ,       1.00),
	('blinker'                     , 'bourbon whiskey'             ,       3.00),
	('blinker'                     , 'jus de pamplemousse'         ,       2.00),
	('blinker'                     , 'sirop de grenadine'          ,       1.00),
	('pacha monte-carlos'          , 'peche au sirop'              ,   60000.00),
	('pacha monte-carlos'          , 'sirop de sucre'              ,       5.00),
	('pacha monte-carlos'          , 'martini rouge'               ,      10.00),
	('pacha monte-carlos'          , 'cerise'                      ,       2.00),
	('pacha monte-carlos'          , 'calvados'                    ,       5.00),
	('mint julep'                  , 'feuille de menthe'           ,       5.00),
	('mint julep'                  , 'sucre'                       ,       0.50),
	('mint julep'                  , 'bourbon whiskey'             ,       8.00),
	('mint julep'                  , 'cerise a l''eau de vie'      ,       1.00),
	('blue hawaiian'               , 'rhum'                        ,       4.00),
	('blue hawaiian'               , 'jus d''ananas'               ,       2.00),
	('blue hawaiian'               , 'curacao bleu'                ,       8.00),
	('blue hawaiian'               , 'lait de coco'                ,       4.00),
	('blue hawaiian'               , 'sirop de sucre'              ,       2.00),
	('blue hawaiian'               , 'tranche d''ananas'           ,       0.25),
	('miami beach'                 , 'gin'                         ,       4.00),
	('miami beach'                 , 'jus d''ananas'               ,       2.50),
	('miami beach'                 , 'sirop de sucre'              ,       0.50),
	('havana beach'                , 'jus d''ananas'               ,       3.00),
	('havana beach'                , 'jus de citron vert'          ,       0.50),
	('havana beach'                , 'rhum'                        ,       4.00),
	('havana beach'                , 'sirop de sucre'              ,       0.50),
	('swimming pool'               , 'vodka'                       ,       2.00),
	('swimming pool'               , 'rhum'                        ,       4.00),
	('swimming pool'               , 'curacao bleu'                ,       1.00),
	('swimming pool'               , 'creme de coco'               ,       2.00),
	('swimming pool'               , 'creme liquide'               ,       1.00),
	('swimming pool'               , 'jus d''ananas'               ,       4.00),
	('swimming pool'               , 'tranche d''ananas'           ,       1.00),
	('swimming pool'               , 'cerise a l''eau de vie'      ,       1.00),
	('rusty nail'                  , 'scotch whisky'               ,       4.50),
	('rusty nail'                  , 'liqueur de whisky'           ,       2.50),
	('rusty nail'                  , 'citron'                      ,       1.00),
	('vin chaud'                   , 'vin rouge'                   ,      15.00),
	('vin chaud'                   , 'jus de citron'               ,       1.00),
	('vin chaud'                   , 'clou de girofle'             ,       3.00),
	('vin chaud'                   , 'sucre'                       ,   10000.00),
	('vin chaud'                   , 'cannelle'                    ,      60.00),
	('hot buttered rum'            , 'rhum'                        ,       5.00),
	('hot buttered rum'            , 'cassonade'                   ,    5000.00),
	('hot buttered rum'            , 'beurre'                      ,    6000.00),
	('hot buttered rum'            , 'cannelle'                    ,      20.00),
	('hot buttered rum'            , 'gingembre'                   ,      20.00),
	('hot buttered rum'            , 'muscade'                     ,      20.00),
	('hot buttered rum'            , 'vanille gousse'              ,      20.00),
	('hot buttered rum'            , 'eau'                         ,      10.00),
	('irish coffee'                , 'creme liquide'               ,       2.00),
	('irish coffee'                , 'cafe'                        ,       4.00),
	('irish coffee'                , 'bourbon whiskey'             ,       3.00),
	('irish coffee'                , 'morceau de sucre'            ,       2.00),
	('espresso martini'            , 'vodka'                       ,       3.00),
	('espresso martini'            , 'liqueur de cafe'             ,       2.00),
	('espresso martini'            , 'cafe'                        ,       6.00),
	('espresso martini'            , 'sirop de sucre'              ,       1.00),
	('amaro sour'                  , 'oeuf'                        ,       1.00),
	('amaro sour'                  , 'bourbon whiskey'             ,       2.20),
	('amaro sour'                  , 'jus de citron'               ,       3.00),
	('amaro sour'                  , 'sirop de sucre'              ,       0.70),
	('amaro sour'                  , 'amaro leger'                 ,       4.50),
	('amaro sour'                  , 'cerise a l''eau de vie'      ,       1.00),
	('amaretto sour'               , 'amaretto'                    ,       6.00),
	('amaretto sour'               , 'jus de citron'               ,       2.00),
	('amaretto sour'               , 'sirop de sucre'              ,       1.00),
	('beer float'                  , 'biere brune'                 ,      50.00),
	('beer float'                  , 'glace vanille'               ,   30000.00),
	('soda float'                  , 'glace vanille'               ,   30000.00),
	('soda float'                  , 'limonade'                    ,      50.00),
	('rio'                         , 'jus d''orange'               ,      15.00),
	('rio'                         , 'limonade'                    ,       8.00),
	('rio'                         , 'sirop de grenadine'          ,       2.00),
	('rio'                         , 'tranche de citron vert'      ,       2.00),
	('fuzzy asshole'               , 'cafe'                        ,      12.00),
	('fuzzy asshole'               , 'schnapps peche'              ,      12.00),
	('pink margarita'              , 'jus de citron'               ,       3.00),
	('pink margarita'              , 'jus de cranberry'            ,       3.00),
	('pink margarita'              , 'sirop de sucre'              ,       1.50),
	('pink margarita'              , 'limonade'                    ,       5.00),
	('august moon'                 , 'jus de pomme'                ,       6.00),
	('august moon'                 , 'jus de framboise'            ,       6.00),
	('august moon'                 , 'jus de citron vert'          ,       1.00),
	('august moon'                 , 'miel'                        ,       1.00),
	('atomic freeze'               , 'jus d''ananas'               ,      40.00),
	('atomic freeze'               , 'jus de pomme'                ,      24.00),
	('atomic freeze'               , 'sirop d''orgeat'             ,       1.00),
	('atomic freeze'               , 'fraise'                      ,      10.00),
	('sweet dreams'                , 'jus de bissap'               ,       3.00),
	('sweet dreams'                , 'jus de citron vert'          ,       2.00),
	('sweet dreams'                , 'champagne sans alcool'       ,       9.00),
	('sweet dreams'                , 'oeuf'                        ,       1.00),
	('sweet dreams'                , 'bouton de rose seche'        ,       1.00),
	('apple cobbler'               , 'jus de pomme'                ,       6.00),
	('apple cobbler'               , 'jus de citron'               ,       2.00),
	('apple cobbler'               , 'extrait de vanille'          ,       1.50),
	('apple fizz'                  , 'jus de pomme'                ,       8.00),
	('apple fizz'                  , 'jus de citron'               ,       2.00),
	('apple fizz'                  , 'extrait de vanille'          ,       1.50),
	('apple fizz'                  , 'oeuf'                        ,       1.00),
	('apricot beach'               , 'jus d''abricot'              ,      10.00),
	('apricot beach'               , 'sirop d''orange sanguine'    ,       2.00),
	('apricot beach'               , 'creme liquide'               ,       2.00),
	('apricot beach'               , 'oeuf'                        ,       1.00),
	('banana sprint'               , 'jus de banane'               ,      10.00),
	('banana sprint'               , 'sirop de citron'             ,       2.00),
	('banana sprint'               , 'oeuf'                        ,       1.00),
	('banana sprint'               , 'tranche de banane'           ,       2.00),
	('bloody orange'               , 'jus d''orange'               ,       5.00),
	('bloody orange'               , 'jus de betterave'            ,       5.00),
	('bloody orange'               , 'jus de pomme'                ,       5.00),
	('honeymoon'                   , 'jus d''orange'               ,       3.00),
	('honeymoon'                   , 'jus de pomme'                ,       3.00),
	('honeymoon'                   , 'sirop d''erable'             ,       3.00),
	('honeymoon'                   , 'jus de citron vert'          ,       2.00),
	('alice'                       , 'sirop de grenadine'          ,       4.00),
	('alice'                       , 'jus d''orange'               ,       6.00),
	('alice'                       , 'jus d''ananas'               ,       6.00),
	('alice'                       , 'creme liquide'               ,       4.00),
	('20e siecle'                  , 'vin blanc'                   ,       2.00),
	('20e siecle'                  , 'liqueur de cacao blanc'      ,       2.00),
	('20e siecle'                  , 'gin'                         ,       6.00),
	('20e siecle'                  , 'jus de citron'               ,       1.00),
	('pussy cat'                   , 'bourbon whiskey'             ,       4.00),
	('pussy cat'                   , 'amaretto'                    ,       1.50),
	('pussy cat'                   , 'jus d''orange'               ,       6.00),
	('pussy cat'                   , 'jus de citron'               ,       1.50),
	('pussy cat'                   , 'cerise a l''eau de vie'      ,       1.00),
	('buccaneer'                   , 'biere blonde'                ,      50.00),
	('buccaneer'                   , 'bacardi citron'              ,       5.00),
	('mai tai'                     , 'rhum'                        ,       4.00),
	('mai tai'                     , 'liqueur d''orange'           ,       1.50),
	('mai tai'                     , 'jus de citron vert'          ,       1.50),
	('mai tai'                     , 'sirop d''orgeat'             ,       1.50),
	('moscow mule'                 , 'ginger beer'                 ,      50.00),
	('moscow mule'                 , 'vodka'                       ,       6.00),
	('moscow mule'                 , 'jus de citron'               ,       1.00),
	('aperol spritz'               , 'aperol'                      ,       6.00),
	('aperol spritz'               , 'prosecco'                    ,      12.00),
	('aperol spritz'               , 'perrier'                     ,       3.00),
	('aperol spritz'               , 'tranche d''orange'           ,       1.00),
	('bamboo'                      , 'sherry'                      ,       4.50),
	('bamboo'                      , 'vermouth sec'                ,       4.50),
	('bamboo'                      , 'angostura bitter'            ,       0.10),
	('bamboo'                      , 'olive'                       ,       1.00),
	('pisco sour'                  , 'pisco'                       ,       5.00),
	('pisco sour'                  , 'jus de citron vert'          ,       2.50),
	('pisco sour'                  , 'sirop de sucre'              ,       1.50),
	('pisco sour'                  , 'oeuf'                        ,       1.00),
	('pisco sour'                  , 'angostura bitter'            ,       0.10),
	('caipirinha'                  , 'cachaca'                     ,       6.00),
	('caipirinha'                  , 'sirop de sucre'              ,       2.00),
	('caipirinha'                  , 'tranche de citron vert'      ,       1.00),
	('caipirinha'                  , 'citron vert'                 ,       1.00);

-- Table Necessite
INSERT INTO P09_Necessite(cocktail_nom, ustensile_nom) VALUES
	('bloody mary'                 , 'verre a melange'             ),
	('americano'                   , 'agitateur'                   ),
	('americano'                   , 'couteau a tranches'          ),
	('americano'                   , 'doseur'                      ),
	('eggnog'                      , 'shaker'                      ),
	('old fashioned'               , 'doseur'                      ),
	('old fashioned'               , 'eplucheur'                   ),
	('old fashioned'               , 'couteau a tranches'          ),
	('apple jack'                  , 'shaker'                      ),
	('apple jack'                  , 'doseur'                      ),
	('jager bomb'                  , 'shooter'                     ),
	('margarita'                   , 'shaker'                      ),
	('margarita'                   , 'couteau a tranches'          ),
	('pina colada'                 , 'mixer'                       ),
	('pina colada'                 , 'paille'                      ),
	('negroni'                     , 'verre a melange'             ),
	('negroni'                     , 'passoire'                    ),
	('alpine negroni'              , 'verre a melange'             ),
	('alpine negroni'              , 'passoire'                    ),
	('blinker'                     , 'shaker'                      ),
	('blinker'                     , 'passoire'                    ),
	('pacha monte-carlos'          , 'doseur'                      ),
	('pacha monte-carlos'          , 'paille'                      ),
	('pacha monte-carlos'          , 'mixer'                       ),
	('mint julep'                  , 'pilon'                       ),
	('mint julep'                  , 'paille'                      ),
	('blue hawaiian'               , 'shaker'                      ),
	('blue hawaiian'               , 'passoire'                    ),
	('blue hawaiian'               , 'doseur'                      ),
	('miami beach'                 , 'shaker'                      ),
	('miami beach'                 , 'passoire'                    ),
	('havana beach'                , 'shaker'                      ),
	('havana beach'                , 'passoire'                    ),
	('swimming pool'               , 'shaker'                      ),
	('rusty nail'                  , 'cuillere a melange'          ),
	('rusty nail'                  , 'eplucheur'                   ),
	('vin chaud'                   , 'casserole'                   ),
	('vin chaud'                   , 'passoire'                    ),
	('hot buttered rum'            , 'cuillere a melange'          ),
	('hot buttered rum'            , 'casserole'                   ),
	('irish coffee'                , 'casserole'                   ),
	('irish coffee'                , 'fouet'                       ),
	('espresso martini'            , 'shaker'                      ),
	('espresso martini'            , 'passoire'                    ),
	('amaro sour'                  , 'shaker'                      ),
	('amaro sour'                  , 'passoire'                    ),
	('amaretto sour'               , 'shaker'                      ),
	('beer float'                  , 'cuillere a glace'            ),
	('soda float'                  , 'cuillere a glace'            ),
	('rio'                         , 'paille'                      ),
	('beer float'                  , 'paille'                      ),
	('soda float'                  , 'paille'                      ),
	('fuzzy asshole'               , 'cuillere a melange'          ),
	('pink margarita'              , 'cuillere a melange'          ),
	('august moon'                 , 'shaker'                      ),
	('august moon'                 , 'passoire'                    ),
	('atomic freeze'               , 'mixer'                       ),
	('sweet dreams'                , 'shaker'                      ),
	('sweet dreams'                , 'passoire'                    ),
	('apple cobbler'               , 'cuillere a melange'          ),
	('apple cobbler'               , 'couteau a tranches'          ),
	('apple fizz'                  , 'shaker'                      ),
	('apple fizz'                  , 'couteau a tranches'          ),
	('apricot beach'               , 'mixer'                       ),
	('banana sprint'               , 'mixer'                       ),
	('banana sprint'               , 'couteau a tranches'          ),
	('bloody orange'               , 'shaker'                      ),
	('honeymoon'                   , 'shaker'                      ),
	('alice'                       , 'shaker'                      ),
	('20e siecle'                  , 'doseur'                      ),
	('20e siecle'                  , 'shaker'                      ),
	('pussy cat'                   , 'shaker'                      ),
	('pussy cat'                   , 'passoire'                    ),
	('buccaneer'                   , 'cuillere a melange'          ),
	('buccaneer'                   , 'shooter'                     ),
	('mai tai'                     , 'shaker'                      ),
	('moscow mule'                 , 'verre a melange'             ),
	('aperol spritz'               , 'cuillere a melange'          ),
	('bamboo'                      , 'verre a melange'             ),
	('bamboo'                      , 'passoire'                    ),
	('pisco sour'                  , 'shaker'                      ),
	('pisco sour'                  , 'passoire'                    ),
	('caipirinha'                  , 'couteau a tranches'          ),
	('caipirinha'                  , 'pilon'                       ),
	('caipirinha'                  , 'cuillere a melange'          ),
	('caipirinha'                  , 'paille'                      );
